"","FemaleID","Date","time","pH1","pH2","pH3","Temp1","Temp2","Temp3","Avg.pH","Avg.temp","notes","Postcop","phase","DayRO","MalePresence","X","MaleID","DyadID","MHCI_allele_comp","MHCII_allele_comp","MHCI_supertype_comp","MHCII_supertype_comp","Female_stMLH","Female_MHCI_allele","Female_MHCII_allele","Female_MHCI_supertype","Female_MHCII_supertype","Male_stMLH","Male_MHCI_allele","Male_MHCII_allele","Male_MHCI_supertype","Male_MHCII_supertype","KINSHIP"
"1","Barbie",2019-01-24,"17:20",7.61,7.67,7.33,24.2,23.8,25.4,7.536666667,24.46666667,"","N","non-fertile",-11,"With Male",1,"Momo",1,0.2941,0,0.666666666666667,0.285714285714286,0.940550801,12,5,9,4,1.038536994,10,8,6,5,-0.0928548
"2","Barbie",2019-02-07,"13:00",7.33,7.41,7.48,23,23.8,23,7.406666667,23.26666667,"","N","post-fertile",2,"With Male",1,"Momo",1,0.2941,0,0.666666666666667,0.285714285714286,0.940550801,12,5,9,4,1.038536994,10,8,6,5,-0.0928548
"3","Barbie",2019-02-12,"16:30",7.78,7.98,7.97,24.1,24.8,23.9,7.91,24.26666667,"","N","non-fertile",7,"With Male",1,"Momo",1,0.2941,0,0.666666666666667,0.285714285714286,0.940550801,12,5,9,4,1.038536994,10,8,6,5,-0.0928548
"4","Barbie",2019-02-13,"12:50",7.31,7.16,7.46,30.7,29.4,29.5,7.31,29.86666667,"","N","non-fertile",8,"With Male",1,"Momo",1,0.2941,0,0.666666666666667,0.285714285714286,0.940550801,12,5,9,4,1.038536994,10,8,6,5,-0.0928548
"5","Barbie",2019-02-14,"12:50",7.33,7.32,7.32,30,30.5,29.3,7.323333333,29.93333333,"","N","non-fertile",9,"With Male",1,"Momo",1,0.2941,0,0.666666666666667,0.285714285714286,0.940550801,12,5,9,4,1.038536994,10,8,6,5,-0.0928548
"6","Barbie",2019-02-15,"12:30",7.49,7.68,7.61,26.6,27,27.9,7.593333333,27.16666667,"","N","non-fertile",10,"With Male",1,"Momo",1,0.2941,0,0.666666666666667,0.285714285714286,0.940550801,12,5,9,4,1.038536994,10,8,6,5,-0.0928548
"7","Barbie",2019-02-19,"17:45",7.53,7.54,7.43,29.6,31.5,30.9,7.5,30.66666667,"","N","non-fertile",14,"With Male",1,"Momo",1,0.2941,0,0.666666666666667,0.285714285714286,0.940550801,12,5,9,4,1.038536994,10,8,6,5,-0.0928548
"8","Barbie",2019-02-20,"12:44",7.33,7.33,7.55,29,27.8,24.6,7.403333333,27.13333333,"","N","non-fertile",-12,"With Male",1,"Momo",1,0.2941,0,0.666666666666667,0.285714285714286,0.940550801,12,5,9,4,1.038536994,10,8,6,5,-0.0928548
"9","Barbie",2019-02-21,"16:40",6.81,6.61,6.23,29.5,28.9,27.7,6.55,28.7,"","N","non-fertile",-11,"With Male",1,"Momo",1,0.2941,0,0.666666666666667,0.285714285714286,0.940550801,12,5,9,4,1.038536994,10,8,6,5,-0.0928548
"10","Odila",2019-04-12,"13:45",5.58,5.77,5.97,28,28.5,31.1,5.77,29.2,"","N","fertile",0,"With Male",3,"Rodolphe",3,0.9091,0.875,1,0.857142857142857,0.972862915,11,8,5,7,0.878142928,10,7,5,6,0.192754
"11","Odila",2019-04-13,"12:15",5.81,5.91,5.71,30.8,30.9,31.7,5.81,31.1,"","N","fertile",0,"With Male",3,"Rodolphe",3,0.9091,0.875,1,0.857142857142857,0.972862915,11,8,5,7,0.878142928,10,7,5,6,0.192754
"12","Odila",2019-04-14,"11:50",5.99,5.98,5.9,30.9,30.8,31.4,5.96,31,"","N","fertile",1,"With Male",3,"Rodolphe",3,0.9091,0.875,1,0.857142857142857,0.972862915,11,8,5,7,0.878142928,10,7,5,6,0.192754
"13","Odila",2019-04-15,"13:25",6.24,6.05,6.29,30.6,30.6,30.3,6.19,30.5,"","N","post-fertile",2,"With Male",3,"Rodolphe",3,0.9091,0.875,1,0.857142857142857,0.972862915,11,8,5,7,0.878142928,10,7,5,6,0.192754
"14","Odila",2019-04-16,"13:30",5.9,6.19,6.11,28.8,29.7,29.1,6.07,29.2,"","N","post-fertile",3,"With Male",3,"Rodolphe",3,0.9091,0.875,1,0.857142857142857,0.972862915,11,8,5,7,0.878142928,10,7,5,6,0.192754
"15","Odila",2019-04-17,"13:30",8,7.7,7.81,29.8,30.3,31.5,7.84,30.5,"dry","N","post-fertile",4,"With Male",3,"Rodolphe",3,0.9091,0.875,1,0.857142857142857,0.972862915,11,8,5,7,0.878142928,10,7,5,6,0.192754
"16","Odila",2019-04-18,"13:27",6.83,6.67,6.72,30.5,31.5,32.1,6.74,31.4,"","N","post-fertile",5,"With Male",3,"Rodolphe",3,0.9091,0.875,1,0.857142857142857,0.972862915,11,8,5,7,0.878142928,10,7,5,6,0.192754
"17","Odila",2019-04-19,"12:50",6.38,6.06,NA,33.9,32.8,NA,6.22,33.4,"","N","post-fertile",6,"With Male",3,"Rodolphe",3,0.9091,0.875,1,0.857142857142857,0.972862915,11,8,5,7,0.878142928,10,7,5,6,0.192754
"18","Odila",2019-04-24,"19:35",6.36,6.42,6.84,27.6,28.3,29.4,6.54,28.4,"","N","non-fertile",11,"With Male",3,"Rodolphe",3,0.9091,0.875,1,0.857142857142857,0.972862915,11,8,5,7,0.878142928,10,7,5,6,0.192754
"19","Odila",2019-04-26,"13:03",7.61,7.77,7.31,31.3,31.7,29.3,7.56,30.8,"","N","non-fertile",-10,"With Male",3,"Rodolphe",3,0.9091,0.875,1,0.857142857142857,0.972862915,11,8,5,7,0.878142928,10,7,5,6,0.192754
"20","Odila",2019-04-29,"14:00",6.17,5.99,5.99,30.3,30.4,30.3,6.05,30.3,"","N","pre-fertile",-7,"With Male",3,"Rodolphe",3,0.9091,0.875,1,0.857142857142857,0.972862915,11,8,5,7,0.878142928,10,7,5,6,0.192754
"21","Odila",2019-04-30,"14:00",6.67,6.67,6.7,30.3,30.7,31.9,6.68,31,"","N","pre-fertile",-6,"With Male",3,"Rodolphe",3,0.9091,0.875,1,0.857142857142857,0.972862915,11,8,5,7,0.878142928,10,7,5,6,0.192754
"22","Odila",2019-05-01,"11:55",6.06,5.99,5.99,33.7,33.5,30.9,6.01,32.7,"","N","pre-fertile",-5,"With Male",3,"Rodolphe",3,0.9091,0.875,1,0.857142857142857,0.972862915,11,8,5,7,0.878142928,10,7,5,6,0.192754
"23","Odila",2019-05-02,"13:35",5.8,5.72,5.72,31.1,30.1,30.4,5.75,30.5,"","N","pre-fertile",-4,"With Male",3,"Rodolphe",3,0.9091,0.875,1,0.857142857142857,0.972862915,11,8,5,7,0.878142928,10,7,5,6,0.192754
"24","Odila",2019-05-03,"13:00",5.99,5.96,5.96,30.5,30.4,30.3,5.97,30.4,"","N","pre-fertile",-3,"With Male",3,"Rodolphe",3,0.9091,0.875,1,0.857142857142857,0.972862915,11,8,5,7,0.878142928,10,7,5,6,0.192754
"25","Odila",2019-05-04,"11:30",5.86,5.81,5.81,30.8,30.3,30.4,5.83,30.5,"","N","fertile",-2,"With Male",3,"Rodolphe",3,0.9091,0.875,1,0.857142857142857,0.972862915,11,8,5,7,0.878142928,10,7,5,6,0.192754
"26","Odila",2019-05-05,"11:45",6.19,6.15,6.15,30.3,30.7,31,6.16,30.7,"","N","fertile",-1,"With Male",3,"Rodolphe",3,0.9091,0.875,1,0.857142857142857,0.972862915,11,8,5,7,0.878142928,10,7,5,6,0.192754
"27","Odila",2019-05-06,"12:30",5.93,5.45,5.45,31.3,29.9,30.5,5.61,30.6,"","N","fertile",0,"With Male",3,"Rodolphe",3,0.9091,0.875,1,0.857142857142857,0.972862915,11,8,5,7,0.878142928,10,7,5,6,0.192754
"28","Odila",2019-05-07,"11:10",5.99,5.86,5.86,30.8,30.1,31.3,5.9,30.7,"","N","fertile",0,"With Male",3,"Rodolphe",3,0.9091,0.875,1,0.857142857142857,0.972862915,11,8,5,7,0.878142928,10,7,5,6,0.192754
"29","Odila",2019-05-08,"10:10",6.51,6.51,6.51,30.1,30.4,30.2,6.51,30.2,"","N","fertile",1,"With Male",3,"Rodolphe",3,0.9091,0.875,1,0.857142857142857,0.972862915,11,8,5,7,0.878142928,10,7,5,6,0.192754
"30","Odila",2019-05-09,"13:35",6.69,6.71,6.71,30.7,30.5,30.4,6.7,30.5,"","N","post-fertile",2,"With Male",3,"Rodolphe",3,0.9091,0.875,1,0.857142857142857,0.972862915,11,8,5,7,0.878142928,10,7,5,6,0.192754
"31","Odila",2019-05-10,"13:35",6.67,6.69,6.66,32.1,31.8,31.4,6.67,31.8,"","N","post-fertile",3,"With Male",3,"Rodolphe",3,0.9091,0.875,1,0.857142857142857,0.972862915,11,8,5,7,0.878142928,10,7,5,6,0.192754
"32","Odila",2019-05-12,"10:15",6.68,6.68,6.69,31.7,31.2,32.9,6.68,31.9,"","N","post-fertile",5,"With Male",3,"Rodolphe",3,0.9091,0.875,1,0.857142857142857,0.972862915,11,8,5,7,0.878142928,10,7,5,6,0.192754
"33","Odila",2019-05-13,"15:10",5.94,6.01,5.96,33.5,32.4,33,5.97,33,"","N","post-fertile",6,"With Male",3,"Rodolphe",3,0.9091,0.875,1,0.857142857142857,0.972862915,11,8,5,7,0.878142928,10,7,5,6,0.192754
"34","Odila",2019-05-14,"19:00",5.56,5.62,5.56,30.3,29.5,30.9,5.58,30.2,"","N","non-fertile",7,"With Male",3,"Rodolphe",3,0.9091,0.875,1,0.857142857142857,0.972862915,11,8,5,7,0.878142928,10,7,5,6,0.192754
"35","Odila",2019-05-15,"13:15",5.09,5.09,5.1,31,29.7,30.5,5.09,30.4,"","N","non-fertile",8,"With Male",3,"Rodolphe",3,0.9091,0.875,1,0.857142857142857,0.972862915,11,8,5,7,0.878142928,10,7,5,6,0.192754
"36","Odila",2019-05-16,"17:50",5.94,6.03,6.02,30.9,29.9,30.5,6,30.4,"","N","non-fertile",9,"With Male",3,"Rodolphe",3,0.9091,0.875,1,0.857142857142857,0.972862915,11,8,5,7,0.878142928,10,7,5,6,0.192754
"37","Odila",2019-05-18,"11:25",6.82,6.35,6.39,30.8,29.2,29.9,6.52,30,"","N","non-fertile",11,"With Male",3,"Rodolphe",3,0.9091,0.875,1,0.857142857142857,0.972862915,11,8,5,7,0.878142928,10,7,5,6,0.192754
"38","Odila",2019-05-19,"17:05",6.53,6.51,6.46,29.7,30.8,30.3,6.5,30.3,"","N","non-fertile",12,"With Male",3,"Rodolphe",3,0.9091,0.875,1,0.857142857142857,0.972862915,11,8,5,7,0.878142928,10,7,5,6,0.192754
"39","Odila",2019-05-20,"14:45",6.24,6.34,6.25,31.4,30.3,30.9,6.28,30.9,"","N","non-fertile",13,"With Male",3,"Rodolphe",3,0.9091,0.875,1,0.857142857142857,0.972862915,11,8,5,7,0.878142928,10,7,5,6,0.192754
"40","Odila",2019-05-21,"19:05",6.41,6.42,6.46,31.8,30,31.2,6.43,31,"","N","non-fertile",14,"With Male",3,"Rodolphe",3,0.9091,0.875,1,0.857142857142857,0.972862915,11,8,5,7,0.878142928,10,7,5,6,0.192754
"41","Salade",2019-06-24,"13:00",7.52,7.7,7.24,31,32.6,32.1,7.486666667,31.9,"Same day Zampano was moved","N","pre-fertile",-7,"No Male",9,"Alf",9,0.1176,0.1667,0.5,0.6,0.982661534,10,7,7,3,0.986394341,9,7,8,5,-0.100036
"42","Salade",2019-06-25,"13:20",6.98,7.21,7.09,35.3,34.1,33.7,7.093333333,34.36666667,"","N","pre-fertile",-6,"No Male",9,"Alf",9,0.1176,0.1667,0.5,0.6,0.982661534,10,7,7,3,0.986394341,9,7,8,5,-0.100036
"43","Salade",2019-06-26,"12:50",6.86,6.97,6.92,31.2,32.5,33.4,6.916666667,32.36666667,"","N","pre-fertile",-5,"No Male",9,"Alf",9,0.1176,0.1667,0.5,0.6,0.982661534,10,7,7,3,0.986394341,9,7,8,5,-0.100036
"44","Salade",2019-06-27,"12:41",6.93,6.88,7.1,30.8,30.8,31.2,6.97,30.93333333,"","N","pre-fertile",-4,"No Male",9,"Alf",9,0.1176,0.1667,0.5,0.6,0.982661534,10,7,7,3,0.986394341,9,7,8,5,-0.100036
"45","Salade",2019-06-28,"10:30",6.98,6.86,6.86,31.6,29.7,31.1,6.9,30.8,"","N","pre-fertile",-3,"No Male",9,"Alf",9,0.1176,0.1667,0.5,0.6,0.982661534,10,7,7,3,0.986394341,9,7,8,5,-0.100036
"46","Salade",2019-06-29,"9:56",7.31,7.19,7.41,32.3,32.1,33.1,7.303333333,32.5,"","N","fertile",-2,"No Male",9,"Alf",9,0.1176,0.1667,0.5,0.6,0.982661534,10,7,7,3,0.986394341,9,7,8,5,-0.100036
"47","Salade",2019-06-30,"10:05",6.72,6.76,6.75,30.5,31.3,32.7,6.743333333,31.5,"","N","fertile",-1,"No Male",9,"Alf",9,0.1176,0.1667,0.5,0.6,0.982661534,10,7,7,3,0.986394341,9,7,8,5,-0.100036
"48","Salade",2019-07-01,"11:28",6.62,6.5,6.51,31.2,31.4,32.6,6.543333333,31.73333333,"","N","fertile",0,"No Male",9,"Alf",9,0.1176,0.1667,0.5,0.6,0.982661534,10,7,7,3,0.986394341,9,7,8,5,-0.100036
"49","Salade",2019-07-02,"10:25",7.2,7.22,NA,29.2,30.5,NA,7.21,29.85,"","N","fertile",0,"No Male",9,"Alf",9,0.1176,0.1667,0.5,0.6,0.982661534,10,7,7,3,0.986394341,9,7,8,5,-0.100036
"50","Salade",2019-07-03,"11:42",7.1,7.24,7.32,32.1,32.2,31.5,7.22,31.93333333,"","N","fertile",1,"No Male",9,"Alf",9,0.1176,0.1667,0.5,0.6,0.982661534,10,7,7,3,0.986394341,9,7,8,5,-0.100036
"51","Salade",2019-07-04,"11:08",6.66,6.76,6.72,28.4,32.6,33.4,6.713333333,31.46666667,"","N","post-fertile",2,"No Male",9,"Alf",9,0.1176,0.1667,0.5,0.6,0.982661534,10,7,7,3,0.986394341,9,7,8,5,-0.100036
"52","Salade",2019-07-05,"13:36",6.1,6.21,6.1,34.5,33.3,33,6.136666667,33.6,"","N","post-fertile",3,"No Male",9,"Alf",9,0.1176,0.1667,0.5,0.6,0.982661534,10,7,7,3,0.986394341,9,7,8,5,-0.100036
"53","Salade",2019-07-06,"12:09",6.58,6.48,NA,29.1,32,NA,6.53,30.55,"","N","post-fertile",4,"No Male",9,"Alf",9,0.1176,0.1667,0.5,0.6,0.982661534,10,7,7,3,0.986394341,9,7,8,5,-0.100036
"54","Salade",2019-07-08,"11:57",7.32,7.42,7.3,31.9,32,32,7.346666667,31.96666667,"","N","post-fertile",6,"No Male",9,"Alf",9,0.1176,0.1667,0.5,0.6,0.982661534,10,7,7,3,0.986394341,9,7,8,5,-0.100036
"55","Salade",2019-07-09,"13:05",6.84,7.17,7.16,29.6,30.5,32.3,7.056666667,30.8,"","N","non-fertile",7,"No Male",9,"Alf",9,0.1176,0.1667,0.5,0.6,0.982661534,10,7,7,3,0.986394341,9,7,8,5,-0.100036
"56","Salade",2019-07-30,"13:43",6.33,6.46,6.39,31.1,32,32.6,6.393333333,31.9,"","Y","fertile",-1,"With Male",9,"Alf",9,0.1176,0.1667,0.5,0.6,0.982661534,10,7,7,3,0.986394341,9,7,8,5,-0.100036
"57","Salade",2019-07-31,"8:29",6.49,6.48,6.47,31.9,32.3,31.8,6.48,32,"","Y","fertile",0,"With Male",9,"Alf",9,0.1176,0.1667,0.5,0.6,0.982661534,10,7,7,3,0.986394341,9,7,8,5,-0.100036
"58","Salade",2019-08-01,"12:32",6.3,NA,NA,27.8,NA,NA,6.3,27.8,"Couldn't get her to do more","Y","fertile",0,"With Male",9,"Alf",9,0.1176,0.1667,0.5,0.6,0.982661534,10,7,7,3,0.986394341,9,7,8,5,-0.100036
"59","Salade",2019-08-02,"15:34",6.46,6.48,6.44,28.5,30.3,31.4,6.46,30.06666667,"","N","fertile",1,"With Male",9,"Alf",9,0.1176,0.1667,0.5,0.6,0.982661534,10,7,7,3,0.986394341,9,7,8,5,-0.100036
"60","Salade",2019-08-03,"11:29",6.78,6.87,6.81,30.8,30.9,31.4,6.82,31.03333333,"","N","post-fertile",2,"With Male",9,"Alf",9,0.1176,0.1667,0.5,0.6,0.982661534,10,7,7,3,0.986394341,9,7,8,5,-0.100036
"61","Salade",2019-08-05,"12:40",6.87,6.84,6.54,30.2,30.8,28.8,6.75,29.93333333,"","N","post-fertile",4,"With Male",9,"Alf",9,0.1176,0.1667,0.5,0.6,0.982661534,10,7,7,3,0.986394341,9,7,8,5,-0.100036
"62","Salade",2019-08-06,"13:26",6.31,6.3,6.37,33.4,33.5,32.8,6.326666667,33.23333333,"","N","post-fertile",5,"With Male",9,"Alf",9,0.1176,0.1667,0.5,0.6,0.982661534,10,7,7,3,0.986394341,9,7,8,5,-0.100036
"63","Salade",2019-08-07,"12:14",6.21,6.24,6.25,31.1,31.9,33.1,6.233333333,32.03333333,"","N","post-fertile",6,"With Male",9,"Alf",9,0.1176,0.1667,0.5,0.6,0.982661534,10,7,7,3,0.986394341,9,7,8,5,-0.100036
"64","Salade",2019-08-08,"13:07",6.34,6.42,6.4,30.4,33.6,34.5,6.386666667,32.83333333,"","N","non-fertile",7,"With Male",9,"Alf",9,0.1176,0.1667,0.5,0.6,0.982661534,10,7,7,3,0.986394341,9,7,8,5,-0.100036
"65","Salade",2019-08-09,"12:21",6.4,6.31,6.35,30.3,32.9,32,6.353333333,31.73333333,"","N","non-fertile",8,"With Male",9,"Alf",9,0.1176,0.1667,0.5,0.6,0.982661534,10,7,7,3,0.986394341,9,7,8,5,-0.100036
"66","Salade",2019-08-10,"14:37",6.42,6.74,6.46,32.6,32.3,31.7,6.54,32.2,"","N","non-fertile",9,"With Male",9,"Alf",9,0.1176,0.1667,0.5,0.6,0.982661534,10,7,7,3,0.986394341,9,7,8,5,-0.100036
"67","Salade",2019-08-11,"12:49",6.34,6.39,6.33,32.5,33.6,33.8,6.353333333,33.3,"","N","non-fertile",10,"With Male",9,"Alf",9,0.1176,0.1667,0.5,0.6,0.982661534,10,7,7,3,0.986394341,9,7,8,5,-0.100036
"68","Salade",2019-08-12,"14:56",6.31,6.25,6.24,32.1,30.7,32.3,6.266666667,31.7,"","N","non-fertile",11,"With Male",9,"Alf",9,0.1176,0.1667,0.5,0.6,0.982661534,10,7,7,3,0.986394341,9,7,8,5,-0.100036
"69","Salade",2019-08-13,"15:19",6.48,6.3,6.31,31.3,31.4,32.2,6.363333333,31.63333333,"","N","non-fertile",12,"With Male",9,"Alf",9,0.1176,0.1667,0.5,0.6,0.982661534,10,7,7,3,0.986394341,9,7,8,5,-0.100036
"70","Salade",2019-08-14,"15:41",6.18,6.24,6.21,28.3,31.6,31.8,6.21,30.56666667,"","N","non-fertile",13,"With Male",9,"Alf",9,0.1176,0.1667,0.5,0.6,0.982661534,10,7,7,3,0.986394341,9,7,8,5,-0.100036
"71","Salade",2019-08-15,"14:40",6.36,6.25,6.27,31.7,31.9,32.6,6.293333333,32.06666667,"","N","non-fertile",14,"With Male",9,"Alf",9,0.1176,0.1667,0.5,0.6,0.982661534,10,7,7,3,0.986394341,9,7,8,5,-0.100036
"72","Salade",2019-08-16,"15:07",6.44,6.71,7.01,28.4,28.8,28.8,6.72,28.66666667,"Verry fussy, didn't get probe all the way in.","N","non-fertile",15,"With Male",9,"Alf",9,0.1176,0.1667,0.5,0.6,0.982661534,10,7,7,3,0.986394341,9,7,8,5,-0.100036
"73","Salade",2019-08-20,"16:08",7.15,7.11,6.99,30.6,33,32.5,7.083333333,32.03333333,"","N","non-fertile",19,"With Male",9,"Alf",9,0.1176,0.1667,0.5,0.6,0.982661534,10,7,7,3,0.986394341,9,7,8,5,-0.100036
"74","Salade",2019-08-21,"15:49",6.73,6.56,6.59,30,31.4,32.2,6.626666667,31.2,"","N","non-fertile",-9,"With Male",9,"Alf",9,0.1176,0.1667,0.5,0.6,0.982661534,10,7,7,3,0.986394341,9,7,8,5,-0.100036
"75","Solene",2019-02-28,"12:50",7.33,7.33,7.34,28.7,30.4,29.6,7.33,29.6,"","N","post-fertile",4,"No Male",4,"Rodolphe",4,0.1111,0,0.571428571428571,0.375,1.089046543,10,7,6,5,0.878142928,10,7,5,6,-0.102528
"76","Solene",2019-03-04,"13:50",6.67,6.64,6.67,31.6,31.1,30.8,6.66,31.2,"","N","non-fertile",8,"No Male",4,"Rodolphe",4,0.1111,0,0.571428571428571,0.375,1.089046543,10,7,6,5,0.878142928,10,7,5,6,-0.102528
"77","Solene",2019-03-05,"18:00",6.77,6.68,6.56,26.7,29.4,29.7,6.67,28.6,"","N","non-fertile",9,"No Male",4,"Rodolphe",4,0.1111,0,0.571428571428571,0.375,1.089046543,10,7,6,5,0.878142928,10,7,5,6,-0.102528
"78","Solene",2019-03-06,"13:20",7.16,7.19,7.17,31.4,32.8,31.9,7.17,32,"","N","non-fertile",-15,"No Male",4,"Rodolphe",4,0.1111,0,0.571428571428571,0.375,1.089046543,10,7,6,5,0.878142928,10,7,5,6,-0.102528
"79","Solene",2019-03-07,"",7.59,7.47,7.62,29.1,30,31.2,7.56,30.1,"Taken sometime in the pm","N","non-fertile",-14,"No Male",4,"Rodolphe",4,0.1111,0,0.571428571428571,0.375,1.089046543,10,7,6,5,0.878142928,10,7,5,6,-0.102528
"80","Solene",2019-03-08,"13:20",6.37,6.31,6.33,32.6,32.1,31.7,6.34,32.1,"","N","non-fertile",-13,"No Male",4,"Rodolphe",4,0.1111,0,0.571428571428571,0.375,1.089046543,10,7,6,5,0.878142928,10,7,5,6,-0.102528
"81","Solene",2019-03-11,"14:00",7.09,7.19,7.01,31.5,32.2,32.5,7.1,32.1,"","N","non-fertile",-10,"No Male",4,"Rodolphe",4,0.1111,0,0.571428571428571,0.375,1.089046543,10,7,6,5,0.878142928,10,7,5,6,-0.102528
"82","Solene",2019-03-12,"13:21",6.9,6.97,6.99,32.2,31,31.5,6.95,31.6,"","N","non-fertile",-9,"No Male",4,"Rodolphe",4,0.1111,0,0.571428571428571,0.375,1.089046543,10,7,6,5,0.878142928,10,7,5,6,-0.102528
"83","Solene",2019-03-13,"13:00",7.55,7.57,7.47,32.7,32.5,32.3,7.53,32.5,"","N","non-fertile",-8,"No Male",4,"Rodolphe",4,0.1111,0,0.571428571428571,0.375,1.089046543,10,7,6,5,0.878142928,10,7,5,6,-0.102528
"84","Solene",2019-03-14,"17:37",7.82,7.8,7.86,30.4,30.9,29.1,7.83,30.1,"","N","pre-fertile",-7,"No Male",4,"Rodolphe",4,0.1111,0,0.571428571428571,0.375,1.089046543,10,7,6,5,0.878142928,10,7,5,6,-0.102528
"85","Solene",2019-03-15,"14:30",7.45,7.42,7.44,30.7,30.9,31.6,7.44,31.1,"","N","pre-fertile",-6,"No Male",4,"Rodolphe",4,0.1111,0,0.571428571428571,0.375,1.089046543,10,7,6,5,0.878142928,10,7,5,6,-0.102528
"86","Solene",2019-03-19,"17:00",7.1,7.38,7.26,28.4,31.4,31.8,7.25,30.5,"","N","fertile",-2,"With Male",4,"Rodolphe",4,0.1111,0,0.571428571428571,0.375,1.089046543,10,7,6,5,0.878142928,10,7,5,6,-0.102528
"87","Solene",2019-03-21,"14:50",6.98,6.92,6.97,30.8,32.9,31.3,6.96,31.7,"","N","fertile",0,"With Male",4,"Rodolphe",4,0.1111,0,0.571428571428571,0.375,1.089046543,10,7,6,5,0.878142928,10,7,5,6,-0.102528
"88","Solene",2019-03-22,"12:20",6.93,6.92,7.14,31.2,31.6,32.1,7,31.6,"","N","fertile",0,"With Male",4,"Rodolphe",4,0.1111,0,0.571428571428571,0.375,1.089046543,10,7,6,5,0.878142928,10,7,5,6,-0.102528
"89","Solene",2019-03-25,"13:40",6.97,6.83,6.84,33.3,32.3,31.1,6.88,32.2,"","N","post-fertile",3,"With Male",4,"Rodolphe",4,0.1111,0,0.571428571428571,0.375,1.089046543,10,7,6,5,0.878142928,10,7,5,6,-0.102528
"90","Solene",2019-03-26,"13:30",6.62,6.69,NA,30.7,31.4,NA,6.66,31.1,"","N","post-fertile",4,"With Male",4,"Rodolphe",4,0.1111,0,0.571428571428571,0.375,1.089046543,10,7,6,5,0.878142928,10,7,5,6,-0.102528
"91","Solene",2019-03-27,"11:54",6.6,6.58,6.68,32.6,32.2,31.5,6.62,32.1,"","N","post-fertile",5,"With Male",4,"Rodolphe",4,0.1111,0,0.571428571428571,0.375,1.089046543,10,7,6,5,0.878142928,10,7,5,6,-0.102528
"92","Solene",2019-03-29,"12:07",7,7.11,7.07,30.2,31.3,31.8,7.06,31.1,"","N","non-fertile",7,"With Male",4,"Rodolphe",4,0.1111,0,0.571428571428571,0.375,1.089046543,10,7,6,5,0.878142928,10,7,5,6,-0.102528
"93","Solene",2019-04-03,"13:30",6.79,6.82,6.8,31,30.8,31.2,6.8,31,"","N","non-fertile",12,"With Male",4,"Rodolphe",4,0.1111,0,0.571428571428571,0.375,1.089046543,10,7,6,5,0.878142928,10,7,5,6,-0.102528
"94","Solene",2019-04-05,"15:00",7.12,7.12,7.2,32.8,32.5,31.3,7.15,32.2,"","N","non-fertile",14,"With Male",4,"Rodolphe",4,0.1111,0,0.571428571428571,0.375,1.089046543,10,7,6,5,0.878142928,10,7,5,6,-0.102528
"95","Solene",2019-04-06,"17:00",6.75,6.76,6.78,31.3,32,32,6.76,31.8,"","N","non-fertile",15,"With Male",4,"Rodolphe",4,0.1111,0,0.571428571428571,0.375,1.089046543,10,7,6,5,0.878142928,10,7,5,6,-0.102528
"96","Solene",2019-04-08,"18:50",7.19,7.19,7.21,32.6,32.9,33.2,7.2,32.9,"","N","non-fertile",17,"With Male",4,"Rodolphe",4,0.1111,0,0.571428571428571,0.375,1.089046543,10,7,6,5,0.878142928,10,7,5,6,-0.102528
"97","Solene",2019-04-12,"14:00",7.04,7.08,7.09,30,31,30.6,7.07,30.5,"","N","non-fertile",-12,"With Male",4,"Rodolphe",4,0.1111,0,0.571428571428571,0.375,1.089046543,10,7,6,5,0.878142928,10,7,5,6,-0.102528
"98","Solene",2019-04-13,"11:30",6.94,7.14,7.09,30.4,30.6,30.5,7.06,30.5,"","N","non-fertile",-11,"With Male",4,"Rodolphe",4,0.1111,0,0.571428571428571,0.375,1.089046543,10,7,6,5,0.878142928,10,7,5,6,-0.102528
"99","Solene",2019-04-14,"12:30",5.99,7.15,7.22,31.5,32.9,30.7,6.79,31.7,"","N","non-fertile",-10,"With Male",4,"Rodolphe",4,0.1111,0,0.571428571428571,0.375,1.089046543,10,7,6,5,0.878142928,10,7,5,6,-0.102528
"100","Solene",2019-04-15,"13:20",7.13,7.14,7.19,31.4,31.6,30.9,7.15,31.3,"","N","non-fertile",-9,"With Male",4,"Rodolphe",4,0.1111,0,0.571428571428571,0.375,1.089046543,10,7,6,5,0.878142928,10,7,5,6,-0.102528
"101","Solene",2019-04-16,"13:09",7.09,7.18,7.14,28.3,30.7,31.4,7.14,30.1,"","N","non-fertile",-8,"With Male",4,"Rodolphe",4,0.1111,0,0.571428571428571,0.375,1.089046543,10,7,6,5,0.878142928,10,7,5,6,-0.102528
"102","Solene",2019-04-17,"13:50",7.14,7.03,7.07,29.4,31,31.9,7.08,30.8,"","N","pre-fertile",-7,"With Male",4,"Rodolphe",4,0.1111,0,0.571428571428571,0.375,1.089046543,10,7,6,5,0.878142928,10,7,5,6,-0.102528
"103","Solene",2019-04-18,"13:20",7.12,6.67,7.18,30.5,31.5,32.6,6.99,31.5,"","N","pre-fertile",-6,"With Male",4,"Rodolphe",4,0.1111,0,0.571428571428571,0.375,1.089046543,10,7,6,5,0.878142928,10,7,5,6,-0.102528
"104","Solene",2019-04-19,"12:18",7.01,6.99,7.13,33.5,30.3,32.8,7.04,32.2,"","N","pre-fertile",-5,"With Male",4,"Rodolphe",4,0.1111,0,0.571428571428571,0.375,1.089046543,10,7,6,5,0.878142928,10,7,5,6,-0.102528
"105","Solene",2019-04-23,"18:00",7.27,7.27,7.29,31,30.8,29.9,7.28,30.6,"","N","fertile",-1,"With Male",4,"Rodolphe",4,0.1111,0,0.571428571428571,0.375,1.089046543,10,7,6,5,0.878142928,10,7,5,6,-0.102528
"106","Solene",2019-04-24,"12:10",6.89,6.96,6.98,30.2,30.9,32.4,6.94,31.2,"","N","fertile",0,"With Male",4,"Rodolphe",4,0.1111,0,0.571428571428571,0.375,1.089046543,10,7,6,5,0.878142928,10,7,5,6,-0.102528
"107","Solene",2019-04-25,"18:30",6.74,6.61,6.63,31.6,30.1,30.5,6.66,30.7,"","N","fertile",0,"With Male",4,"Rodolphe",4,0.1111,0,0.571428571428571,0.375,1.089046543,10,7,6,5,0.878142928,10,7,5,6,-0.102528
"108","Solene",2019-04-26,"12:45",7.03,7.09,7.02,31.6,31.5,29.8,7.05,31,"","N","fertile",1,"With Male",4,"Rodolphe",4,0.1111,0,0.571428571428571,0.375,1.089046543,10,7,6,5,0.878142928,10,7,5,6,-0.102528
"109","Solene",2019-04-27,"11:30",6.98,6.96,6.89,32.7,32,32.3,6.94,32.3,"","N","post-fertile",2,"With Male",4,"Rodolphe",4,0.1111,0,0.571428571428571,0.375,1.089046543,10,7,6,5,0.878142928,10,7,5,6,-0.102528
"110","Solene",2019-04-29,"14:00",6.73,6.86,6.91,32.2,31.6,31.6,6.83,31.8,"","N","post-fertile",4,"With Male",4,"Rodolphe",4,0.1111,0,0.571428571428571,0.375,1.089046543,10,7,6,5,0.878142928,10,7,5,6,-0.102528
"111","Solene",2019-04-30,"17:37",6.96,6.95,6.96,30.7,31.4,31.9,6.96,31.3,"","N","post-fertile",5,"With Male",4,"Rodolphe",4,0.1111,0,0.571428571428571,0.375,1.089046543,10,7,6,5,0.878142928,10,7,5,6,-0.102528
"112","Solene",2019-05-01,"",6.67,6.91,6.96,30.5,33.5,32.7,6.85,32.2,"","N","post-fertile",6,"With Male",4,"Rodolphe",4,0.1111,0,0.571428571428571,0.375,1.089046543,10,7,6,5,0.878142928,10,7,5,6,-0.102528
"113","Solene",2019-05-02,"17:18",6.44,6.77,6.54,31.9,28.2,31.7,6.58,30.6,"","N","non-fertile",7,"With Male",4,"Rodolphe",4,0.1111,0,0.571428571428571,0.375,1.089046543,10,7,6,5,0.878142928,10,7,5,6,-0.102528
"114","Solene",2019-05-03,"13:00",6.89,6.63,6.63,30.3,31.4,32.5,6.72,31.4,"","N","non-fertile",8,"With Male",4,"Rodolphe",4,0.1111,0,0.571428571428571,0.375,1.089046543,10,7,6,5,0.878142928,10,7,5,6,-0.102528
"115","Solene",2019-05-04,"12:30",6.85,6.56,6.49,33.9,32.2,33.1,6.63,33.1,"","N","non-fertile",9,"With Male",4,"Rodolphe",4,0.1111,0,0.571428571428571,0.375,1.089046543,10,7,6,5,0.878142928,10,7,5,6,-0.102528
"116","Solene",2019-05-05,"11:30",6.62,6.57,6.56,31.3,30.3,30.8,6.58,30.8,"","N","non-fertile",10,"With Male",4,"Rodolphe",4,0.1111,0,0.571428571428571,0.375,1.089046543,10,7,6,5,0.878142928,10,7,5,6,-0.102528
"117","Solene",2019-05-06,"18:42",6.42,6.39,6.51,29,29.7,32.7,6.44,30.5,"","N","non-fertile",11,"With Male",4,"Rodolphe",4,0.1111,0,0.571428571428571,0.375,1.089046543,10,7,6,5,0.878142928,10,7,5,6,-0.102528
"118","Solene",2019-05-07,"18:35",6.68,6.72,6.7,32.1,31.1,31.5,6.7,31.6,"","N","non-fertile",12,"With Male",4,"Rodolphe",4,0.1111,0,0.571428571428571,0.375,1.089046543,10,7,6,5,0.878142928,10,7,5,6,-0.102528
"119","Solene",2019-05-10,"13:20",6.9,6.91,NA,32.6,33.4,NA,6.91,33,"","N","non-fertile",15,"With Male",4,"Rodolphe",4,0.1111,0,0.571428571428571,0.375,1.089046543,10,7,6,5,0.878142928,10,7,5,6,-0.102528
"120","Sottise",2019-06-24,"13:15",6.76,6.69,6.73,34.7,35.3,35.5,6.726666667,35.16666667,"Same day Zampano was moved","N","non-fertile",14,"No Male",8,"Alf",8,0.3125,0,0.8,0.166666666666667,0.971113161,12,4,10,2,0.986394341,9,7,8,5,-0.176989
"121","Sottise",2019-06-25,"13:15",7.15,7.14,7.04,35.3,34.8,35.7,7.11,35.26666667,"1st day MN","N","non-fertile",-14,"No Male",8,"Alf",8,0.3125,0,0.8,0.166666666666667,0.971113161,12,4,10,2,0.986394341,9,7,8,5,-0.176989
"122","Sottise",2019-06-26,"12:30",6.77,6.5,6.78,31,31.7,31.8,6.683333333,31.5,"","N","non-fertile",-13,"No Male",8,"Alf",8,0.3125,0,0.8,0.166666666666667,0.971113161,12,4,10,2,0.986394341,9,7,8,5,-0.176989
"123","Sottise",2019-06-27,"12:24",6.35,6.23,6.31,33.5,31.7,31.4,6.296666667,32.2,"","N","non-fertile",-12,"No Male",8,"Alf",8,0.3125,0,0.8,0.166666666666667,0.971113161,12,4,10,2,0.986394341,9,7,8,5,-0.176989
"124","Sottise",2019-06-28,"10:45",6.82,6.8,6.71,33.8,33.4,33,6.776666667,33.4,"","N","non-fertile",-11,"No Male",8,"Alf",8,0.3125,0,0.8,0.166666666666667,0.971113161,12,4,10,2,0.986394341,9,7,8,5,-0.176989
"125","Sottise",2019-06-29,"9:43",6.66,6.71,6.7,33.9,33.2,33,6.69,33.36666667,"","N","non-fertile",-10,"No Male",8,"Alf",8,0.3125,0,0.8,0.166666666666667,0.971113161,12,4,10,2,0.986394341,9,7,8,5,-0.176989
"126","Sottise",2019-07-01,"11:48",6.82,6.83,6.84,33.1,33.6,33.8,6.83,33.5,"","N","non-fertile",-8,"No Male",8,"Alf",8,0.3125,0,0.8,0.166666666666667,0.971113161,12,4,10,2,0.986394341,9,7,8,5,-0.176989
"127","Sottise",2019-07-02,"10:30",7.14,7.19,7.18,33.6,33.1,33.8,7.17,33.5,"","N","pre-fertile",-7,"No Male",8,"Alf",8,0.3125,0,0.8,0.166666666666667,0.971113161,12,4,10,2,0.986394341,9,7,8,5,-0.176989
"128","Sottise",2019-07-03,"11:52",6.95,6.88,6.87,36.1,35.6,36.3,6.9,36,"","N","pre-fertile",-6,"No Male",8,"Alf",8,0.3125,0,0.8,0.166666666666667,0.971113161,12,4,10,2,0.986394341,9,7,8,5,-0.176989
"129","Sottise",2019-07-04,"11:31",7.01,7.21,7.18,37.1,34,33.2,7.133333333,34.76666667,"","N","pre-fertile",-5,"No Male",8,"Alf",8,0.3125,0,0.8,0.166666666666667,0.971113161,12,4,10,2,0.986394341,9,7,8,5,-0.176989
"130","Sottise",2019-07-05,"13:48",6.93,6.94,6.94,38.1,36.6,36.8,6.936666667,37.16666667,"","N","pre-fertile",-4,"No Male",8,"Alf",8,0.3125,0,0.8,0.166666666666667,0.971113161,12,4,10,2,0.986394341,9,7,8,5,-0.176989
"131","Sottise",2019-07-06,"12:28",6.67,6.65,6.64,29.2,32.6,33.6,6.653333333,31.8,"","N","pre-fertile",-3,"No Male",8,"Alf",8,0.3125,0,0.8,0.166666666666667,0.971113161,12,4,10,2,0.986394341,9,7,8,5,-0.176989
"132","Sottise",2019-07-07,"12:17",6.73,6.78,6.76,33.2,31.7,32,6.756666667,32.3,"","N","fertile",-2,"No Male",8,"Alf",8,0.3125,0,0.8,0.166666666666667,0.971113161,12,4,10,2,0.986394341,9,7,8,5,-0.176989
"133","Sottise",2019-07-09,"13:32",6.48,6.53,6.58,27.7,28.9,30,6.53,28.86666667,"","N","fertile",0,"No Male",8,"Alf",8,0.3125,0,0.8,0.166666666666667,0.971113161,12,4,10,2,0.986394341,9,7,8,5,-0.176989
"134","Sottise",2019-07-30,"13:43",6.38,6.13,6.1,31.6,32.8,32.5,6.203333333,32.3,"","N","non-fertile",-10,"With Male",8,"Alf",8,0.3125,0,0.8,0.166666666666667,0.971113161,12,4,10,2,0.986394341,9,7,8,5,-0.176989
"135","Sottise",2019-07-31,"8:53",6.33,6.34,6.22,33.3,34,33.5,6.296666667,33.6,"","N","non-fertile",-9,"With Male",8,"Alf",8,0.3125,0,0.8,0.166666666666667,0.971113161,12,4,10,2,0.986394341,9,7,8,5,-0.176989
"136","Sottise",2019-08-01,"8:26",6.37,6.34,6.32,26.2,30.8,31.4,6.343333333,29.46666667,"","N","non-fertile",-8,"With Male",8,"Alf",8,0.3125,0,0.8,0.166666666666667,0.971113161,12,4,10,2,0.986394341,9,7,8,5,-0.176989
"137","Sottise",2019-08-02,"15:17",6.41,6.43,6.37,33.2,33.2,32.9,6.403333333,33.1,"","N","pre-fertile",-7,"With Male",8,"Alf",8,0.3125,0,0.8,0.166666666666667,0.971113161,12,4,10,2,0.986394341,9,7,8,5,-0.176989
"138","Sottise",2019-08-03,"11:57",6.18,6.28,6.17,30.9,29.9,31.2,6.21,30.66666667,"","N","pre-fertile",-6,"With Male",8,"Alf",8,0.3125,0,0.8,0.166666666666667,0.971113161,12,4,10,2,0.986394341,9,7,8,5,-0.176989
"139","Sottise",2019-08-05,"13:30",6.48,6.61,6.87,35.4,35.5,34.7,6.653333333,35.2,"","N","pre-fertile",-4,"With Male",8,"Alf",8,0.3125,0,0.8,0.166666666666667,0.971113161,12,4,10,2,0.986394341,9,7,8,5,-0.176989
"140","Sottise",2019-08-06,"16:42",6.93,6.77,6.84,32.4,35.1,35.4,6.846666667,34.3,"","N","pre-fertile",-3,"With Male",8,"Alf",8,0.3125,0,0.8,0.166666666666667,0.971113161,12,4,10,2,0.986394341,9,7,8,5,-0.176989
"141","Sottise",2019-08-07,"16:02",6.67,6.64,6.68,31.1,32.3,32.9,6.663333333,32.1,"","N","fertile",-2,"With Male",8,"Alf",8,0.3125,0,0.8,0.166666666666667,0.971113161,12,4,10,2,0.986394341,9,7,8,5,-0.176989
"142","Sottise",2019-08-09,"15:49",6.95,7.05,7.12,35.4,38.1,34.9,7.04,36.13333333,"","Y","fertile",0,"With Male",8,"Alf",8,0.3125,0,0.8,0.166666666666667,0.971113161,12,4,10,2,0.986394341,9,7,8,5,-0.176989
"143","Sottise",2019-08-10,"15:40",6.99,6.82,7.14,34.9,34.1,33.6,6.983333333,34.2,"","Y","fertile",0,"With Male",8,"Alf",8,0.3125,0,0.8,0.166666666666667,0.971113161,12,4,10,2,0.986394341,9,7,8,5,-0.176989
"144","Sottise",2019-08-11,"13:01",7.24,7.25,7.26,34.1,34.5,33.8,7.25,34.13333333,"","N","fertile",1,"With Male",8,"Alf",8,0.3125,0,0.8,0.166666666666667,0.971113161,12,4,10,2,0.986394341,9,7,8,5,-0.176989
"145","Sottise",2019-08-12,"16:42",7.81,8.04,8.01,28.6,28.4,31.5,7.953333333,29.5,"","N","post-fertile",2,"With Male",8,"Alf",8,0.3125,0,0.8,0.166666666666667,0.971113161,12,4,10,2,0.986394341,9,7,8,5,-0.176989
"146","Sottise",2019-08-13,"15:46",7.08,NA,NA,27.5,NA,NA,7.08,27.5,"Couldn't get her to do any more","N","post-fertile",3,"With Male",8,"Alf",8,0.3125,0,0.8,0.166666666666667,0.971113161,12,4,10,2,0.986394341,9,7,8,5,-0.176989
"147","Sottise",2019-08-14,"15:49",7.74,7.71,7.77,28.5,31.4,32.4,7.74,30.76666667,"","N","post-fertile",4,"With Male",8,"Alf",8,0.3125,0,0.8,0.166666666666667,0.971113161,12,4,10,2,0.986394341,9,7,8,5,-0.176989
"148","Sottise",2019-08-15,"14:59",7.9,7.66,7.59,30.2,31.6,32.8,7.716666667,31.53333333,"","N","post-fertile",5,"With Male",8,"Alf",8,0.3125,0,0.8,0.166666666666667,0.971113161,12,4,10,2,0.986394341,9,7,8,5,-0.176989
"149","Sottise",2019-08-16,"15:44",6.85,6.75,6.86,28.6,30.3,31.9,6.82,30.26666667,"","N","post-fertile",6,"With Male",8,"Alf",8,0.3125,0,0.8,0.166666666666667,0.971113161,12,4,10,2,0.986394341,9,7,8,5,-0.176989
"150","Sottise",2019-08-19,"16:45",6.45,6.92,6.65,33.5,33.3,33.3,6.673333333,33.36666667,"","N","non-fertile",9,"With Male",8,"Alf",8,0.3125,0,0.8,0.166666666666667,0.971113161,12,4,10,2,0.986394341,9,7,8,5,-0.176989
"151","Sottise",2019-08-20,"16:24",7.32,7.35,7.18,28.8,28.5,30.7,7.283333333,29.33333333,"","N","non-fertile",10,"With Male",8,"Alf",8,0.3125,0,0.8,0.166666666666667,0.971113161,12,4,10,2,0.986394341,9,7,8,5,-0.176989
"152","Sottise",2019-08-21,"16:01",6.95,6.48,6.53,29.3,29.5,29.7,6.653333333,29.5,"","N","non-fertile",11,"With Male",8,"Alf",8,0.3125,0,0.8,0.166666666666667,0.971113161,12,4,10,2,0.986394341,9,7,8,5,-0.176989
"153","Sottise",2019-08-22,"16:21",6.63,6.61,6.72,29.9,32.8,29.4,6.653333333,30.7,"","N","non-fertile",12,"With Male",8,"Alf",8,0.3125,0,0.8,0.166666666666667,0.971113161,12,4,10,2,0.986394341,9,7,8,5,-0.176989
"154","Suzon",2019-04-15,"14:00",6.9,6.88,6.84,31.1,32.6,33.8,6.87,32.5,"","N","post-fertile",2,"With Male",5,"Rodolphe",5,0.2778,0,0.4,0.375,1.042853053,13,7,9,5,0.878142928,10,7,5,6,-0.183528
"155","Suzon",2019-04-17,"14:00",6.95,7.21,NA,32.2,33,NA,7.08,32.6,"dry","N","post-fertile",4,"With Male",5,"Rodolphe",5,0.2778,0,0.4,0.375,1.042853053,13,7,9,5,0.878142928,10,7,5,6,-0.183528
"156","Suzon",2019-04-19,"16:00",6.79,6.86,6.83,24,23.9,24.3,6.83,24.1,"","N","post-fertile",6,"With Male",5,"Rodolphe",5,0.2778,0,0.4,0.375,1.042853053,13,7,9,5,0.878142928,10,7,5,6,-0.183528
"157","Suzon",2019-04-24,"19:45",6.54,6.56,6.56,27.1,26.8,27.6,6.55,27.2,"","N","non-fertile",11,"With Male",5,"Rodolphe",5,0.2778,0,0.4,0.375,1.042853053,13,7,9,5,0.878142928,10,7,5,6,-0.183528
"158","Suzon",2019-04-25,"18:15",6.61,NA,NA,26.2,NA,NA,6.61,26.2,"","N","non-fertile",12,"With Male",5,"Rodolphe",5,0.2778,0,0.4,0.375,1.042853053,13,7,9,5,0.878142928,10,7,5,6,-0.183528
"159","Suzon",2019-04-26,"",6.66,6.78,6.88,27.4,28.4,27.2,6.77,27.7,"dry","N","non-fertile",13,"With Male",5,"Rodolphe",5,0.2778,0,0.4,0.375,1.042853053,13,7,9,5,0.878142928,10,7,5,6,-0.183528
"160","Suzon",2019-04-30,"17:55",6.86,6.73,6.97,32.1,31.4,29,6.85,30.8,"dry","N","non-fertile",17,"With Male",5,"Rodolphe",5,0.2778,0,0.4,0.375,1.042853053,13,7,9,5,0.878142928,10,7,5,6,-0.183528
"161","Suzon",2019-05-01,"12:15",6.75,6.72,6.58,33.2,32.6,29.2,6.68,31.7,"wet-ish","N","non-fertile",18,"With Male",5,"Rodolphe",5,0.2778,0,0.4,0.375,1.042853053,13,7,9,5,0.878142928,10,7,5,6,-0.183528
"162","Suzon",2019-05-02,"13:45",6.95,6.86,6.71,34.8,32,30.2,6.84,32.3,"dry","N","non-fertile",19,"With Male",5,"Rodolphe",5,0.2778,0,0.4,0.375,1.042853053,13,7,9,5,0.878142928,10,7,5,6,-0.183528
"163","Suzon",2019-05-03,"13:30",7.36,7.27,7.3,29.2,30.6,30.4,7.31,30.1,"MN","N","non-fertile",-11,"With Male",5,"Rodolphe",5,0.2778,0,0.4,0.375,1.042853053,13,7,9,5,0.878142928,10,7,5,6,-0.183528
"164","Suzon",2019-05-04,"12:10",7.29,7.28,7.14,29.7,30.4,31.5,7.24,30.5,"MN","N","non-fertile",-10,"With Male",5,"Rodolphe",5,0.2778,0,0.4,0.375,1.042853053,13,7,9,5,0.878142928,10,7,5,6,-0.183528
"165","Suzon",2019-05-05,"12:00",7.23,7.2,7.08,28.1,29.4,30.3,7.17,29.3,"MN","N","non-fertile",-9,"With Male",5,"Rodolphe",5,0.2778,0,0.4,0.375,1.042853053,13,7,9,5,0.878142928,10,7,5,6,-0.183528
"166","Suzon",2019-05-06,"19:00",6.92,6.92,6.91,31.7,31.5,30.2,6.92,31.1,"","N","non-fertile",-8,"With Male",5,"Rodolphe",5,0.2778,0,0.4,0.375,1.042853053,13,7,9,5,0.878142928,10,7,5,6,-0.183528
"167","Suzon",2019-05-07,"11:30",6.77,6.86,6.89,31.8,29.5,31.3,6.84,30.9,"","N","pre-fertile",-7,"With Male",5,"Rodolphe",5,0.2778,0,0.4,0.375,1.042853053,13,7,9,5,0.878142928,10,7,5,6,-0.183528
"168","Suzon",2019-05-08,"10:30",7.45,7.18,7.24,29.8,29.7,27.6,7.29,29,"","N","pre-fertile",-6,"With Male",5,"Rodolphe",5,0.2778,0,0.4,0.375,1.042853053,13,7,9,5,0.878142928,10,7,5,6,-0.183528
"169","Suzon",2019-05-09,"14:10",7.15,7.15,7.12,37.5,35.3,33.5,7.14,35.4,"","N","pre-fertile",-5,"With Male",5,"Rodolphe",5,0.2778,0,0.4,0.375,1.042853053,13,7,9,5,0.878142928,10,7,5,6,-0.183528
"170","Suzon",2019-05-10,"13:40",7.11,6.99,6.94,33.3,30.5,31.9,7.01,31.9,"","N","pre-fertile",-4,"With Male",5,"Rodolphe",5,0.2778,0,0.4,0.375,1.042853053,13,7,9,5,0.878142928,10,7,5,6,-0.183528
"171","Suzon",2019-05-12,"10:30",6.94,6.95,6.95,30.2,29.9,29.2,6.95,29.8,"","N","fertile",-2,"With Male",5,"Rodolphe",5,0.2778,0,0.4,0.375,1.042853053,13,7,9,5,0.878142928,10,7,5,6,-0.183528
"172","Suzon",2019-05-13,"18:40",6.36,6.35,6.3,30.3,31.1,31.7,6.34,31,"","Y","fertile",-1,"With Male",5,"Rodolphe",5,0.2778,0,0.4,0.375,1.042853053,13,7,9,5,0.878142928,10,7,5,6,-0.183528
"173","Suzon",2019-05-18,"17:30",6.43,6.4,6.38,30.6,29.9,30.1,6.4,30.2,"","N","post-fertile",3,"With Male",5,"Rodolphe",5,0.2778,0,0.4,0.375,1.042853053,13,7,9,5,0.878142928,10,7,5,6,-0.183528
"174","Suzon",2019-05-19,"17:10",6.41,6.38,6.37,30.4,29.9,29.5,6.39,29.9,"","N","post-fertile",4,"With Male",5,"Rodolphe",5,0.2778,0,0.4,0.375,1.042853053,13,7,9,5,0.878142928,10,7,5,6,-0.183528
"175","Suzon",2019-05-20,"17:13",6.64,6.57,6.52,31,29.7,30.6,6.58,30.4,"","N","post-fertile",5,"With Male",5,"Rodolphe",5,0.2778,0,0.4,0.375,1.042853053,13,7,9,5,0.878142928,10,7,5,6,-0.183528
"176","Suzon",2019-05-21,"15:00",6.53,6.53,6.54,32.8,32.5,30.3,6.53,31.9,"","N","post-fertile",6,"With Male",5,"Rodolphe",5,0.2778,0,0.4,0.375,1.042853053,13,7,9,5,0.878142928,10,7,5,6,-0.183528
"177","Suzon",2019-05-22,"13:00",6.67,6.67,6.62,34,32.9,31.4,6.65,32.8,"","N","non-fertile",7,"With Male",5,"Rodolphe",5,0.2778,0,0.4,0.375,1.042853053,13,7,9,5,0.878142928,10,7,5,6,-0.183528
"178","Vertige",2018-12-10,"15:30",6.87,6.76,6.72,27.3,24.3,26.4,6.783333333,26,"","N","pre-fertile",-5,"No Male",2,"Momo",2,0.4,0.4,0.666666666666667,0.833333333333333,1.04658586,11,6,9,6,1.038536994,10,8,6,5,0.237535
"179","Vertige",2018-12-11,"15:30",7.05,7.09,6.94,27.3,26.7,28.1,7.026666667,27.36666667,"","N","pre-fertile",-4,"No Male",2,"Momo",2,0.4,0.4,0.666666666666667,0.833333333333333,1.04658586,11,6,9,6,1.038536994,10,8,6,5,0.237535
"180","Vertige",2018-12-12,"15:30",6.92,6.94,6.88,25.3,28.4,28.5,6.913333333,27.4,"","N","pre-fertile",-3,"No Male",2,"Momo",2,0.4,0.4,0.666666666666667,0.833333333333333,1.04658586,11,6,9,6,1.038536994,10,8,6,5,0.237535
"181","Vertige",2018-12-13,"15:00",6.81,6.98,6.86,27.8,26.1,26.4,6.883333333,26.76666667,"","N","fertile",-2,"No Male",2,"Momo",2,0.4,0.4,0.666666666666667,0.833333333333333,1.04658586,11,6,9,6,1.038536994,10,8,6,5,0.237535
"182","Vertige",2018-12-14,"16:10",6.67,6.73,6.68,26.6,28.1,27.6,6.693333333,27.43333333,"","N","fertile",-1,"No Male",2,"Momo",2,0.4,0.4,0.666666666666667,0.833333333333333,1.04658586,11,6,9,6,1.038536994,10,8,6,5,0.237535
"183","Vertige",2018-12-17,"15:00",6.62,6.55,6.52,30.5,29.5,29,6.563333333,29.66666667,"","N","fertile",1,"No Male",2,"Momo",2,0.4,0.4,0.666666666666667,0.833333333333333,1.04658586,11,6,9,6,1.038536994,10,8,6,5,0.237535
"184","Vertige",2018-12-21,"15:30",7.31,7,7,32.6,33.5,29.4,7.103333333,31.83333333,"","N","post-fertile",5,"No Male",2,"Momo",2,0.4,0.4,0.666666666666667,0.833333333333333,1.04658586,11,6,9,6,1.038536994,10,8,6,5,0.237535
"185","Vertige",2019-01-03,"13:00",7.11,7.19,7.14,28.2,27.4,24.6,7.146666667,26.73333333,"","N","non-fertile",-16,"No Male",2,"Momo",2,0.4,0.4,0.666666666666667,0.833333333333333,1.04658586,11,6,9,6,1.038536994,10,8,6,5,0.237535
"186","Vertige",2019-01-04,"14:00",5.98,6.27,6.49,26,29.2,29.9,6.246666667,28.36666667,"recent urination","N","non-fertile",-15,"No Male",2,"Momo",2,0.4,0.4,0.666666666666667,0.833333333333333,1.04658586,11,6,9,6,1.038536994,10,8,6,5,0.237535
"187","Vertige",2019-01-15,"13:00",6.06,6.09,6.06,28.7,30.1,30.7,6.07,29.83333333,"","N","pre-fertile",-4,"With Male",2,"Momo",2,0.4,0.4,0.666666666666667,0.833333333333333,1.04658586,11,6,9,6,1.038536994,10,8,6,5,0.237535
"188","Vertige",2019-01-16,"13:00",6.33,6.2,6.18,26.1,24.8,24.8,6.236666667,25.23333333,"<1 hour post-copulation","Y","pre-fertile",-3,"With Male",2,"Momo",2,0.4,0.4,0.666666666666667,0.833333333333333,1.04658586,11,6,9,6,1.038536994,10,8,6,5,0.237535
"189","Vertige",2019-01-17,"12:50",4.86,4.88,4.89,23.9,26.1,27.7,4.876666667,25.9,"SP present, no cop in previous 4 hours","Y","fertile",-2,"With Male",2,"Momo",2,0.4,0.4,0.666666666666667,0.833333333333333,1.04658586,11,6,9,6,1.038536994,10,8,6,5,0.237535
"190","Vertige",2019-01-18,"13:20",5.25,5.29,5.37,22.3,24.2,25.7,5.303333333,24.06666667,"","Y","fertile",-1,"With Male",2,"Momo",2,0.4,0.4,0.666666666666667,0.833333333333333,1.04658586,11,6,9,6,1.038536994,10,8,6,5,0.237535
"191","Vertige",2019-01-21,"10:00",5.13,5.13,5.19,24.9,28,31.4,5.15,28.1,"","N","fertile",1,"With Male",2,"Momo",2,0.4,0.4,0.666666666666667,0.833333333333333,1.04658586,11,6,9,6,1.038536994,10,8,6,5,0.237535
"192","Viva",2019-04-22,"9:53",5.48,5.45,5.35,32.1,29.6,30.5,5.43,30.7,"","N","non-fertile",-15,"No Male",6,"Auguste",6,0.8182,0.3333,0.888888888888889,0.333333333333333,0.937401245,9,2,8,2,0.984761238,11,6,9,6,-0.0546244
"193","Viva",2019-04-23,"13:50",5.5,5.16,5.33,31.4,30.3,31,5.33,30.9,"","N","non-fertile",-14,"No Male",6,"Auguste",6,0.8182,0.3333,0.888888888888889,0.333333333333333,0.937401245,9,2,8,2,0.984761238,11,6,9,6,-0.0546244
"194","Viva",2019-04-24,"13:30",5.81,5.74,5.48,30.8,30.5,31.2,5.68,30.8,"","N","non-fertile",-13,"No Male",6,"Auguste",6,0.8182,0.3333,0.888888888888889,0.333333333333333,0.937401245,9,2,8,2,0.984761238,11,6,9,6,-0.0546244
"195","Viva",2019-04-25,"14:24",5.17,5.23,5.53,30,31.4,32.3,5.31,31.2,"","N","non-fertile",-12,"No Male",6,"Auguste",6,0.8182,0.3333,0.888888888888889,0.333333333333333,0.937401245,9,2,8,2,0.984761238,11,6,9,6,-0.0546244
"196","Viva",2019-04-26,"13:20",5.55,5.48,5.47,30.8,30.8,32.5,5.5,31.4,"","N","non-fertile",-11,"No Male",6,"Auguste",6,0.8182,0.3333,0.888888888888889,0.333333333333333,0.937401245,9,2,8,2,0.984761238,11,6,9,6,-0.0546244
"197","Viva",2019-04-27,"11:00",5.72,5.63,5.79,31.8,32.1,30.9,5.71,31.6,"","N","non-fertile",-10,"No Male",6,"Auguste",6,0.8182,0.3333,0.888888888888889,0.333333333333333,0.937401245,9,2,8,2,0.984761238,11,6,9,6,-0.0546244
"198","Viva",2019-04-28,"11:35",5.36,5.32,5.33,32.4,30.5,31.4,5.34,31.4,"","N","non-fertile",-9,"No Male",6,"Auguste",6,0.8182,0.3333,0.888888888888889,0.333333333333333,0.937401245,9,2,8,2,0.984761238,11,6,9,6,-0.0546244
"199","Viva",2019-04-29,"14:50",5.77,5.69,5.65,31.3,32.8,31.1,5.7,31.7,"","N","non-fertile",-8,"No Male",6,"Auguste",6,0.8182,0.3333,0.888888888888889,0.333333333333333,0.937401245,9,2,8,2,0.984761238,11,6,9,6,-0.0546244
"200","Viva",2019-04-30,"15:00",5.59,5.57,5.47,30.6,30.9,32,5.54,31.2,"","N","pre-fertile",-7,"No Male",6,"Auguste",6,0.8182,0.3333,0.888888888888889,0.333333333333333,0.937401245,9,2,8,2,0.984761238,11,6,9,6,-0.0546244
"201","Viva",2019-05-01,"11:15",5.55,5.44,5.3,32.7,30.4,32.1,5.43,31.7,"","N","pre-fertile",-6,"No Male",6,"Auguste",6,0.8182,0.3333,0.888888888888889,0.333333333333333,0.937401245,9,2,8,2,0.984761238,11,6,9,6,-0.0546244
"202","Viva",2019-05-02,"14:20",5.74,5.71,5.65,30.8,31.6,34.6,5.7,32.3,"","N","pre-fertile",-5,"No Male",6,"Auguste",6,0.8182,0.3333,0.888888888888889,0.333333333333333,0.937401245,9,2,8,2,0.984761238,11,6,9,6,-0.0546244
"203","Viva",2019-05-03,"14:00",5.59,5.52,5.28,34.4,33.9,34.5,5.46,34.3,"","N","pre-fertile",-4,"No Male",6,"Auguste",6,0.8182,0.3333,0.888888888888889,0.333333333333333,0.937401245,9,2,8,2,0.984761238,11,6,9,6,-0.0546244
"204","Viva",2019-05-04,"12:50",6.28,6.1,6.05,32.8,34,34.2,6.14,33.7,"","N","pre-fertile",-3,"No Male",6,"Auguste",6,0.8182,0.3333,0.888888888888889,0.333333333333333,0.937401245,9,2,8,2,0.984761238,11,6,9,6,-0.0546244
"205","Viva",2019-05-06,"18:10",5.81,5.82,5.86,31.7,32.4,32.8,5.83,32.3,"","N","fertile",-1,"No Male",6,"Auguste",6,0.8182,0.3333,0.888888888888889,0.333333333333333,0.937401245,9,2,8,2,0.984761238,11,6,9,6,-0.0546244
"206","Viva",2019-05-07,"18:10",5.48,5.5,5.37,30,30.7,28.8,5.45,29.8,"","N","fertile",0,"No Male",6,"Auguste",6,0.8182,0.3333,0.888888888888889,0.333333333333333,0.937401245,9,2,8,2,0.984761238,11,6,9,6,-0.0546244
"207","Viva",2019-05-08,"9:50",5.44,5.46,5.48,28.5,30.5,31,5.46,30,"","N","fertile",0,"No Male",6,"Auguste",6,0.8182,0.3333,0.888888888888889,0.333333333333333,0.937401245,9,2,8,2,0.984761238,11,6,9,6,-0.0546244
"208","Viva",2019-05-09,"15:00",5.46,5.27,5.28,30.1,30.4,31.4,5.34,30.6,"","N","fertile",1,"No Male",6,"Auguste",6,0.8182,0.3333,0.888888888888889,0.333333333333333,0.937401245,9,2,8,2,0.984761238,11,6,9,6,-0.0546244
"209","Viva",2019-05-10,"14:20",6.02,5.69,5.66,31.8,32.2,32.5,5.79,32.2,"","N","post-fertile",2,"No Male",6,"Auguste",6,0.8182,0.3333,0.888888888888889,0.333333333333333,0.937401245,9,2,8,2,0.984761238,11,6,9,6,-0.0546244
"210","Viva",2019-05-12,"11:20",5.72,5.79,5.74,30.5,31.5,31.2,5.75,31.1,"","N","post-fertile",4,"No Male",6,"Auguste",6,0.8182,0.3333,0.888888888888889,0.333333333333333,0.937401245,9,2,8,2,0.984761238,11,6,9,6,-0.0546244
"211","Viva",2019-05-13,"18:00",5.4,5.34,5.42,31,31.4,32.2,5.39,31.5,"","N","post-fertile",5,"No Male",6,"Auguste",6,0.8182,0.3333,0.888888888888889,0.333333333333333,0.937401245,9,2,8,2,0.984761238,11,6,9,6,-0.0546244
"212","Viva",2019-05-14,"15:45",5.75,5.75,5.71,31.2,30.3,30.7,5.74,30.7,"","N","post-fertile",6,"No Male",6,"Auguste",6,0.8182,0.3333,0.888888888888889,0.333333333333333,0.937401245,9,2,8,2,0.984761238,11,6,9,6,-0.0546244
"213","Viva",2019-05-15,"14:08",5.82,5.94,5.91,31.3,29.7,30.7,5.89,30.6,"","N","non-fertile",7,"No Male",6,"Auguste",6,0.8182,0.3333,0.888888888888889,0.333333333333333,0.937401245,9,2,8,2,0.984761238,11,6,9,6,-0.0546244
"214","Viva",2019-05-16,"18:10",5.67,5.75,5.71,29.2,30,30.4,5.71,29.9,"","N","non-fertile",8,"No Male",6,"Auguste",6,0.8182,0.3333,0.888888888888889,0.333333333333333,0.937401245,9,2,8,2,0.984761238,11,6,9,6,-0.0546244
"215","Viva",2019-05-18,"11:10",5.87,5.91,5.89,31.2,31.6,32.1,5.89,31.6,"","N","non-fertile",10,"No Male",6,"Auguste",6,0.8182,0.3333,0.888888888888889,0.333333333333333,0.937401245,9,2,8,2,0.984761238,11,6,9,6,-0.0546244
"216","Viva",2019-05-19,"17:20",6.6,6.38,6.53,29.7,30.7,31.2,6.5,30.5,"","N","non-fertile",11,"No Male",6,"Auguste",6,0.8182,0.3333,0.888888888888889,0.333333333333333,0.937401245,9,2,8,2,0.984761238,11,6,9,6,-0.0546244
"217","Viva",2019-05-20,"14:25",5.24,5.47,5.24,30.3,32.6,32,5.32,31.6,"","N","non-fertile",12,"With Male",6,"Auguste",6,0.8182,0.3333,0.888888888888889,0.333333333333333,0.937401245,9,2,8,2,0.984761238,11,6,9,6,-0.0546244
"218","Viva",2019-05-22,"13:15",6.66,NA,NA,30.7,NA,NA,6.66,30.7,"Diarrhea","N","non-fertile",14,"With Male",6,"Auguste",6,0.8182,0.3333,0.888888888888889,0.333333333333333,0.937401245,9,2,8,2,0.984761238,11,6,9,6,-0.0546244
"219","Viva",2019-05-24,"12:11",6.92,6.79,6.85,33.3,34.3,34.1,6.85,33.9,"","N","non-fertile",16,"With Male",6,"Auguste",6,0.8182,0.3333,0.888888888888889,0.333333333333333,0.937401245,9,2,8,2,0.984761238,11,6,9,6,-0.0546244
"220","Viva",2019-05-27,"16:30",7.12,7.16,7.46,32.8,33.6,34.4,7.25,33.6,"","N","non-fertile",19,"With Male",6,"Auguste",6,0.8182,0.3333,0.888888888888889,0.333333333333333,0.937401245,9,2,8,2,0.984761238,11,6,9,6,-0.0546244
"221","Viva",2019-05-28,"15:25",6.58,6.49,6.75,29.8,30.8,31.7,6.61,30.8,"","N","non-fertile",-19,"With Male",6,"Auguste",6,0.8182,0.3333,0.888888888888889,0.333333333333333,0.937401245,9,2,8,2,0.984761238,11,6,9,6,-0.0546244
"222","Viva",2019-05-29,"13:00",5.28,5.1,5.16,30.2,31.1,32.3,5.18,31.2,"","N","non-fertile",-18,"With Male",6,"Auguste",6,0.8182,0.3333,0.888888888888889,0.333333333333333,0.937401245,9,2,8,2,0.984761238,11,6,9,6,-0.0546244
"223","Viva",2019-05-30,"11:30",4.96,4.81,4.89,31.2,34.4,34.6,4.89,33.4,"","N","non-fertile",-17,"With Male",6,"Auguste",6,0.8182,0.3333,0.888888888888889,0.333333333333333,0.937401245,9,2,8,2,0.984761238,11,6,9,6,-0.0546244
"224","Viva",2019-05-31,"17:10",5.45,5.33,5.25,31.8,32.3,32.7,5.34,32.3,"","N","non-fertile",-16,"With Male",6,"Auguste",6,0.8182,0.3333,0.888888888888889,0.333333333333333,0.937401245,9,2,8,2,0.984761238,11,6,9,6,-0.0546244
"225","Viva",2019-06-03,"17:30",5.21,5.2,5.21,30.3,30.5,31.7,5.21,30.8,"","N","non-fertile",-13,"With Male",6,"Auguste",6,0.8182,0.3333,0.888888888888889,0.333333333333333,0.937401245,9,2,8,2,0.984761238,11,6,9,6,-0.0546244
"226","Viva",2019-06-04,"13:00",5.39,5.56,5.33,33.5,32.3,32.7,5.43,32.8,"","N","non-fertile",-12,"With Male",6,"Auguste",6,0.8182,0.3333,0.888888888888889,0.333333333333333,0.937401245,9,2,8,2,0.984761238,11,6,9,6,-0.0546244
"227","Viva",2019-06-05,"13:20",5.59,5.59,5.62,34,33.4,31.8,5.6,33.1,"","N","non-fertile",-11,"With Male",6,"Auguste",6,0.8182,0.3333,0.888888888888889,0.333333333333333,0.937401245,9,2,8,2,0.984761238,11,6,9,6,-0.0546244
"228","Viva",2019-06-06,"13:00",5.19,5.25,5.39,33.9,32.2,32.4,5.28,32.8,"","N","non-fertile",-10,"With Male",6,"Auguste",6,0.8182,0.3333,0.888888888888889,0.333333333333333,0.937401245,9,2,8,2,0.984761238,11,6,9,6,-0.0546244
"229","Viva",2019-06-07,"12:45",5.75,5.55,5.78,30.3,NA,31.3,5.69,30.8,"","N","non-fertile",-9,"With Male",6,"Auguste",6,0.8182,0.3333,0.888888888888889,0.333333333333333,0.937401245,9,2,8,2,0.984761238,11,6,9,6,-0.0546244
"230","Viva",2019-06-09,"12:00",5.52,5.58,5.42,32.3,33,33.1,5.51,32.8,"","N","pre-fertile",-7,"With Male",6,"Auguste",6,0.8182,0.3333,0.888888888888889,0.333333333333333,0.937401245,9,2,8,2,0.984761238,11,6,9,6,-0.0546244
"231","Viva",2019-06-10,"11:30",5.4,5.29,5.48,30.4,31.9,32.3,5.39,31.5,"","N","pre-fertile",-6,"With Male",6,"Auguste",6,0.8182,0.3333,0.888888888888889,0.333333333333333,0.937401245,9,2,8,2,0.984761238,11,6,9,6,-0.0546244
"232","Viva",2019-06-11,"13:00",5.41,5.42,5.3,30.3,30.4,31,5.38,30.6,"","N","pre-fertile",-5,"With Male",6,"Auguste",6,0.8182,0.3333,0.888888888888889,0.333333333333333,0.937401245,9,2,8,2,0.984761238,11,6,9,6,-0.0546244
"233","Viva",2019-06-12,"12:45",5.77,5.46,5.3,30.6,30.3,31.7,5.51,30.9,"","N","pre-fertile",-4,"With Male",6,"Auguste",6,0.8182,0.3333,0.888888888888889,0.333333333333333,0.937401245,9,2,8,2,0.984761238,11,6,9,6,-0.0546244
"234","Viva",2019-06-14,"13:00",5,4.94,5.07,32.7,30.6,32.4,5,31.9,"","N","fertile",-2,"With Male",6,"Auguste",6,0.8182,0.3333,0.888888888888889,0.333333333333333,0.937401245,9,2,8,2,0.984761238,11,6,9,6,-0.0546244
"235","Viva",2019-06-17,"13:00",5.12,5.36,5.28,32.5,31.2,31.5,5.25,31.7,"","N","fertile",0,"With Male",6,"Auguste",6,0.8182,0.3333,0.888888888888889,0.333333333333333,0.937401245,9,2,8,2,0.984761238,11,6,9,6,-0.0546244
"236","Viva",2019-06-18,"12:55",5.21,5.27,5.3,30.4,31.1,31,5.26,30.8,"","N","fertile",1,"With Male",6,"Auguste",6,0.8182,0.3333,0.888888888888889,0.333333333333333,0.937401245,9,2,8,2,0.984761238,11,6,9,6,-0.0546244
"237","Viva",2019-06-19,"12:45",5.79,5.53,5.49,31,32.7,32.2,5.6,32,"","N","post-fertile",2,"With Male",6,"Auguste",6,0.8182,0.3333,0.888888888888889,0.333333333333333,0.937401245,9,2,8,2,0.984761238,11,6,9,6,-0.0546244
"238","Viva",2019-06-20,"12:45",5.76,5.8,5.87,30.5,30.3,30.4,5.81,30.4,"","N","post-fertile",3,"With Male",6,"Auguste",6,0.8182,0.3333,0.888888888888889,0.333333333333333,0.937401245,9,2,8,2,0.984761238,11,6,9,6,-0.0546244
"239","Viva",2019-06-21,"13:00",5.7,5.85,5.71,30.4,30.4,31,5.75,30.6,"","N","post-fertile",4,"With Male",6,"Auguste",6,0.8182,0.3333,0.888888888888889,0.333333333333333,0.937401245,9,2,8,2,0.984761238,11,6,9,6,-0.0546244
"240","Viva",2019-06-24,"13:20",6.74,6.72,7.04,34.5,33.9,33.2,6.83,33.9,"Might have urinated after 1st reading","N","non-fertile",7,"With Male",6,"Auguste",6,0.8182,0.3333,0.888888888888889,0.333333333333333,0.937401245,9,2,8,2,0.984761238,11,6,9,6,-0.0546244
"241","Viva",2019-06-25,"13:00",7,6.91,7.02,31.7,31.7,32.7,6.98,32,"","N","non-fertile",8,"With Male",6,"Auguste",6,0.8182,0.3333,0.888888888888889,0.333333333333333,0.937401245,9,2,8,2,0.984761238,11,6,9,6,-0.0546244
"242","Viva",2019-06-27,"11:46",6.79,7.16,7.21,34.2,33.8,33.1,7.05,33.7,"","N","non-fertile",10,"With Male",6,"Auguste",6,0.8182,0.3333,0.888888888888889,0.333333333333333,0.937401245,9,2,8,2,0.984761238,11,6,9,6,-0.0546244
"243","Viva",2019-06-28,"10:00",6.64,6.99,7.08,30.4,30.3,30.3,6.9,30.3,"","N","non-fertile",11,"With Male",6,"Auguste",6,0.8182,0.3333,0.888888888888889,0.333333333333333,0.937401245,9,2,8,2,0.984761238,11,6,9,6,-0.0546244
"244","Viva",2019-06-29,"9:00",6.69,6.53,6.64,34.6,33.6,33.6,6.62,33.9,"","N","non-fertile",12,"With Male",6,"Auguste",6,0.8182,0.3333,0.888888888888889,0.333333333333333,0.937401245,9,2,8,2,0.984761238,11,6,9,6,-0.0546244
"245","Viva",2019-07-01,"10:59",7.36,7.31,7.38,32.4,32.7,32.5,7.35,32.5,"","N","non-fertile",14,"With Male",6,"Auguste",6,0.8182,0.3333,0.888888888888889,0.333333333333333,0.937401245,9,2,8,2,0.984761238,11,6,9,6,-0.0546244
"246","Viva",2019-07-02,"10:50",7.03,6.1,6.8,32.2,32.2,33.2,6.64,32.5,"","N","non-fertile",-14,"With Male",6,"Auguste",6,0.8182,0.3333,0.888888888888889,0.333333333333333,0.937401245,9,2,8,2,0.984761238,11,6,9,6,-0.0546244
"247","Viva",2019-07-03,"10:51",6.25,6.22,6.17,29.5,31.2,31.8,6.21,30.8,"","N","non-fertile",-13,"With Male",6,"Auguste",6,0.8182,0.3333,0.888888888888889,0.333333333333333,0.937401245,9,2,8,2,0.984761238,11,6,9,6,-0.0546244
"248","Viva",2019-07-04,"11:23",6.75,6.86,6.64,28.9,31.6,31.3,6.75,30.6,"","N","non-fertile",-12,"With Male",6,"Auguste",6,0.8182,0.3333,0.888888888888889,0.333333333333333,0.937401245,9,2,8,2,0.984761238,11,6,9,6,-0.0546244
"249","Viva",2019-07-05,"12:52",5.68,5.83,5.79,32.6,32.6,34.1,5.77,33.1,"","N","non-fertile",-11,"With Male",6,"Auguste",6,0.8182,0.3333,0.888888888888889,0.333333333333333,0.937401245,9,2,8,2,0.984761238,11,6,9,6,-0.0546244
"250","Viva",2019-07-06,"12:45",5.1,4.99,5.1,32.4,31.9,29.4,5.06,31.2,"","N","non-fertile",-10,"With Male",6,"Auguste",6,0.8182,0.3333,0.888888888888889,0.333333333333333,0.937401245,9,2,8,2,0.984761238,11,6,9,6,-0.0546244
"251","Viva",2019-07-08,"11:29",4.84,4.65,4.68,29.2,30.4,33.4,4.72,31,"","N","non-fertile",-8,"With Male",6,"Auguste",6,0.8182,0.3333,0.888888888888889,0.333333333333333,0.937401245,9,2,8,2,0.984761238,11,6,9,6,-0.0546244
"252","Viva",2019-07-09,"12:36",5.28,5.26,5.29,27,29.1,31.3,5.28,29.1,"","N","pre-fertile",-7,"With Male",6,"Auguste",6,0.8182,0.3333,0.888888888888889,0.333333333333333,0.937401245,9,2,8,2,0.984761238,11,6,9,6,-0.0546244
"253","Viva",2019-07-10,"12:52",5.19,5.14,4.95,29.3,31.2,30.7,5.09,30.4,"","N","pre-fertile",-6,"With Male",6,"Auguste",6,0.8182,0.3333,0.888888888888889,0.333333333333333,0.937401245,9,2,8,2,0.984761238,11,6,9,6,-0.0546244
"254","Vuei",2019-04-17,"14:10",6.89,6.87,6.95,32.2,31.8,30.7,6.9,31.6,"","N","non-fertile",-10,"No Male",7,"Auguste",7,0.1,0,0.666666666666667,0.428571428571429,1.020222908,11,7,6,4,0.984761238,11,6,9,6,-0.0426822
"255","Vuei",2019-04-18,"14:10",6.3,6.88,6.74,31.4,31.5,31.4,6.64,31.4,"","N","non-fertile",-9,"No Male",7,"Auguste",7,0.1,0,0.666666666666667,0.428571428571429,1.020222908,11,7,6,4,0.984761238,11,6,9,6,-0.0426822
"256","Vuei",2019-04-19,"13:48",6.56,6.66,6.54,30.3,32,30.8,6.59,31,"","N","non-fertile",-8,"No Male",7,"Auguste",7,0.1,0,0.666666666666667,0.428571428571429,1.020222908,11,7,6,4,0.984761238,11,6,9,6,-0.0426822
"257","Vuei",2019-04-22,"9:30",6.51,6.6,6.63,32.3,31.4,31,6.58,31.6,"","N","pre-fertile",-5,"No Male",7,"Auguste",7,0.1,0,0.666666666666667,0.428571428571429,1.020222908,11,7,6,4,0.984761238,11,6,9,6,-0.0426822
"258","Vuei",2019-04-23,"13:40",6.53,6.57,6.39,31.4,30.5,30.3,6.5,30.7,"","N","pre-fertile",-4,"No Male",7,"Auguste",7,0.1,0,0.666666666666667,0.428571428571429,1.020222908,11,7,6,4,0.984761238,11,6,9,6,-0.0426822
"259","Vuei",2019-04-24,"13:00",6.33,6.3,6.34,29.5,29.8,31.3,6.32,30.2,"","N","pre-fertile",-3,"No Male",7,"Auguste",7,0.1,0,0.666666666666667,0.428571428571429,1.020222908,11,7,6,4,0.984761238,11,6,9,6,-0.0426822
"260","Vuei",2019-04-25,"14:10",6.52,6.54,6.48,30.5,30.3,31.2,6.51,30.7,"","N","fertile",-2,"No Male",7,"Auguste",7,0.1,0,0.666666666666667,0.428571428571429,1.020222908,11,7,6,4,0.984761238,11,6,9,6,-0.0426822
"261","Vuei",2019-04-26,"13:50",6.67,6.71,6.86,30.3,31.4,31.5,6.75,31.1,"","N","fertile",-1,"No Male",7,"Auguste",7,0.1,0,0.666666666666667,0.428571428571429,1.020222908,11,7,6,4,0.984761238,11,6,9,6,-0.0426822
"262","Vuei",2019-04-27,"10:30",6.68,6.8,6.71,30.1,30.7,30.8,6.73,30.5,"","N","fertile",0,"No Male",7,"Auguste",7,0.1,0,0.666666666666667,0.428571428571429,1.020222908,11,7,6,4,0.984761238,11,6,9,6,-0.0426822
"263","Vuei",2019-04-28,"11:15",7.66,7.63,7.63,31.1,31.9,31.5,7.64,31.5,"","N","fertile",0,"No Male",7,"Auguste",7,0.1,0,0.666666666666667,0.428571428571429,1.020222908,11,7,6,4,0.984761238,11,6,9,6,-0.0426822
"264","Vuei",2019-04-29,"14:45",6.04,5.57,5.92,32.5,34.1,33.1,5.84,33.2,"","N","fertile",1,"No Male",7,"Auguste",7,0.1,0,0.666666666666667,0.428571428571429,1.020222908,11,7,6,4,0.984761238,11,6,9,6,-0.0426822
"265","Vuei",2019-04-30,"14:45",6.55,6.63,6.64,34.3,34.3,34.2,6.61,34.3,"","N","post-fertile",2,"No Male",7,"Auguste",7,0.1,0,0.666666666666667,0.428571428571429,1.020222908,11,7,6,4,0.984761238,11,6,9,6,-0.0426822
"266","Vuei",2019-05-01,"11:30",6.45,6.3,6.35,30.2,32,31.1,6.37,31.1,"","N","post-fertile",3,"No Male",7,"Auguste",7,0.1,0,0.666666666666667,0.428571428571429,1.020222908,11,7,6,4,0.984761238,11,6,9,6,-0.0426822
"267","Vuei",2019-05-02,"14:00",6.42,6.49,6.38,31.8,34.4,33.6,6.43,33.3,"","N","post-fertile",4,"No Male",7,"Auguste",7,0.1,0,0.666666666666667,0.428571428571429,1.020222908,11,7,6,4,0.984761238,11,6,9,6,-0.0426822
"268","Vuei",2019-05-03,"14:10",6.45,6.38,6.48,32.5,30.3,31.4,6.44,31.4,"","N","post-fertile",5,"No Male",7,"Auguste",7,0.1,0,0.666666666666667,0.428571428571429,1.020222908,11,7,6,4,0.984761238,11,6,9,6,-0.0426822
"269","Vuei",2019-05-04,"13:00",6.71,6.64,6.53,32.8,34.9,34,6.63,33.9,"","N","post-fertile",6,"No Male",7,"Auguste",7,0.1,0,0.666666666666667,0.428571428571429,1.020222908,11,7,6,4,0.984761238,11,6,9,6,-0.0426822
"270","Vuei",2019-05-05,"12:15",7.18,7.17,7.26,30.9,31.1,31.7,7.2,31.2,"","N","non-fertile",7,"No Male",7,"Auguste",7,0.1,0,0.666666666666667,0.428571428571429,1.020222908,11,7,6,4,0.984761238,11,6,9,6,-0.0426822
"271","Vuei",2019-05-06,"13:30",6.2,6.52,6.46,30.2,33,34.2,6.39,32.5,"","N","non-fertile",8,"No Male",7,"Auguste",7,0.1,0,0.666666666666667,0.428571428571429,1.020222908,11,7,6,4,0.984761238,11,6,9,6,-0.0426822
"272","Vuei",2019-05-07,"12:00",6.53,6.74,6.65,30,32.2,31.3,6.64,31.2,"","N","non-fertile",9,"No Male",7,"Auguste",7,0.1,0,0.666666666666667,0.428571428571429,1.020222908,11,7,6,4,0.984761238,11,6,9,6,-0.0426822
"273","Vuei",2019-05-08,"9:30",6.35,6.19,6.22,30.2,32.5,30.4,6.25,31,"","N","non-fertile",10,"No Male",7,"Auguste",7,0.1,0,0.666666666666667,0.428571428571429,1.020222908,11,7,6,4,0.984761238,11,6,9,6,-0.0426822
"274","Vuei",2019-05-09,"14:35",6.25,6.61,6.48,31.9,33,32.6,6.45,32.5,"","N","non-fertile",11,"No Male",7,"Auguste",7,0.1,0,0.666666666666667,0.428571428571429,1.020222908,11,7,6,4,0.984761238,11,6,9,6,-0.0426822
"275","Vuei",2019-05-10,"14:02",7.98,7.96,7.63,34,33.7,33,7.86,33.6,"","N","non-fertile",12,"No Male",7,"Auguste",7,0.1,0,0.666666666666667,0.428571428571429,1.020222908,11,7,6,4,0.984761238,11,6,9,6,-0.0426822
"276","Vuei",2019-05-12,"11:00",6.9,6.9,6.88,31.9,32.4,30.3,6.89,31.5,"","N","non-fertile",-15,"No Male",7,"Auguste",7,0.1,0,0.666666666666667,0.428571428571429,1.020222908,11,7,6,4,0.984761238,11,6,9,6,-0.0426822
"277","Vuei",2019-05-13,"17:45",6.47,6.38,6.64,32.2,32.5,32.8,6.5,32.5,"","N","non-fertile",-14,"No Male",7,"Auguste",7,0.1,0,0.666666666666667,0.428571428571429,1.020222908,11,7,6,4,0.984761238,11,6,9,6,-0.0426822
"278","Vuei",2019-05-14,"15:27",6.22,6.22,6.2,30.6,32.2,31.6,6.21,31.5,"","N","non-fertile",-13,"No Male",7,"Auguste",7,0.1,0,0.666666666666667,0.428571428571429,1.020222908,11,7,6,4,0.984761238,11,6,9,6,-0.0426822
"279","Vuei",2019-05-15,"13:48",5.86,5.82,5.83,31.6,30.3,30.8,5.84,30.9,"","N","non-fertile",-12,"No Male",7,"Auguste",7,0.1,0,0.666666666666667,0.428571428571429,1.020222908,11,7,6,4,0.984761238,11,6,9,6,-0.0426822
"280","Vuei",2019-05-16,"18:00",5.77,5.78,5.79,30.2,30.9,31.3,5.78,30.8,"","N","non-fertile",-11,"No Male",7,"Auguste",7,0.1,0,0.666666666666667,0.428571428571429,1.020222908,11,7,6,4,0.984761238,11,6,9,6,-0.0426822
"281","Vuei",2019-05-18,"11:00",6.05,6.04,6.03,32.5,32.8,33.1,6.04,32.8,"","N","non-fertile",-9,"No Male",7,"Auguste",7,0.1,0,0.666666666666667,0.428571428571429,1.020222908,11,7,6,4,0.984761238,11,6,9,6,-0.0426822
"282","Vuei",2019-05-19,"17:30",5.96,5.96,5.96,30.1,28.9,31.2,5.96,30.1,"","N","non-fertile",-8,"No Male",7,"Auguste",7,0.1,0,0.666666666666667,0.428571428571429,1.020222908,11,7,6,4,0.984761238,11,6,9,6,-0.0426822
"283","Vuei",2019-05-20,"16:15",6.67,6.65,6.57,32.4,31.2,30.3,6.63,31.3,"","Y","pre-fertile",-7,"With Male",7,"Auguste",7,0.1,0,0.666666666666667,0.428571428571429,1.020222908,11,7,6,4,0.984761238,11,6,9,6,-0.0426822
"284","Vuei",2019-05-21,"15:30",6.16,6.24,6.23,33.3,33.8,34.7,6.21,33.9,"","Y","pre-fertile",-6,"With Male",7,"Auguste",7,0.1,0,0.666666666666667,0.428571428571429,1.020222908,11,7,6,4,0.984761238,11,6,9,6,-0.0426822
"285","Vuei",2019-05-22,"13:30",6.33,6.56,6.6,28.8,31.8,33.9,6.5,31.5,"","N","pre-fertile",-5,"With Male",7,"Auguste",7,0.1,0,0.666666666666667,0.428571428571429,1.020222908,11,7,6,4,0.984761238,11,6,9,6,-0.0426822
"286","Vuei",2019-05-23,"16:30",6.36,6.32,6.27,32.3,33.1,31.2,6.32,32.2,"","Y","pre-fertile",-4,"With Male",7,"Auguste",7,0.1,0,0.666666666666667,0.428571428571429,1.020222908,11,7,6,4,0.984761238,11,6,9,6,-0.0426822
"287","Vuei",2019-05-24,"16:30",6.53,6.45,6.42,32.6,30.2,30.9,6.47,31.2,"","Y","pre-fertile",-3,"With Male",7,"Auguste",7,0.1,0,0.666666666666667,0.428571428571429,1.020222908,11,7,6,4,0.984761238,11,6,9,6,-0.0426822
"288","Vuei",2019-05-27,"16:10",5.97,5.9,5.72,34.5,32.9,32.8,5.86,33.4,"","Y","fertile",0,"With Male",7,"Auguste",7,0.1,0,0.666666666666667,0.428571428571429,1.020222908,11,7,6,4,0.984761238,11,6,9,6,-0.0426822
"289","Vuei",2019-05-28,"15:45",6.81,6.84,6.94,32.8,32.5,33.8,6.86,33,"","Y","fertile",0,"With Male",7,"Auguste",7,0.1,0,0.666666666666667,0.428571428571429,1.020222908,11,7,6,4,0.984761238,11,6,9,6,-0.0426822
"290","Vuei",2019-05-29,"13:00",6.59,6.74,6.75,33.7,33.5,33.6,6.69,33.6,"","N","fertile",1,"With Male",7,"Auguste",7,0.1,0,0.666666666666667,0.428571428571429,1.020222908,11,7,6,4,0.984761238,11,6,9,6,-0.0426822
